segment_id,corrosion_rate_mpy
1,2.9852147128757136
2,3.1207542772016117
3,3.4299851575505094
4,2.9682240518412737
5,2.9081623351623165
