elbow_id,thickness_mm
1,5.864321415357952
2,6.035161431221483
3,6.044331122204431
4,6.136180276305624
5,6.0836629521548025
6,6.0068297360470915
7,5.4734987770262125
8,6.12863047853319
9,6.174365185244918
10,5.245527856419533
