point_id,thickness_mm
1,7.61745997010042
2,8.39599153398219
3,7.994656327198732
4,8.231000000415879
5,7.8782232829895165
6,7.843581294144688
7,8.003606463755574
8,7.533362315033195
9,7.81149399196564
10,7.756718858881153
11,8.426649670819339
12,8.841972014500087
13,7.875129309358721
14,7.885886532966361
15,8.025911790569312
16,7.977749151476226
17,7.975189314086882
18,7.668075623407915
19,7.594023888044194
20,7.922454795110768
