height_m,loss_mm
1,0.5027296090046685
2,0.5105892334131231
3,0.5351839975967966
4,0.49226056280662583
5,0.5380412452084148
6,0.48752990506143645
7,0.5090348420395897
8,0.47808124170302563
9,0.5330408780257195
10,0.499334362816105
