event_id,stress_mpa
0,144.8039339440273
1,155.3735286219565
2,159.86799315978598
3,147.17617192911106
4,159.43803438489584
5,141.93815038025082
6,151.89038764073075
7,153.51742589125845
8,153.1357544662422
9,161.68628563588757
