tube_id,thickness_mm
1,3.114861093380253
2,3.018253721504037
3,2.9101540434987188
4,2.901058792188582
5,3.0945687223707803
6,3.1074848795282595
7,3.0432812306778585
8,2.9740322419958933
9,2.925256185244633
10,3.0731394424292553
